Transaction Hash,Status,Method,Blockno,DateTime (UTC),From,From_Nametag,To,To_Nametag,Amount,Value (USD),Txn Fee
"0x8f93d5b9a0cc7060f541d4b100e98fb7dd1fe267f31436de05830720021e5e71","Success","Deposit","20848370","2024-09-28 09:55:11","0x5a0036bcab4501e70f086c634e2958a8beae3a11","Dhacm.AHZI6VRMNS2Q99EIYBYE23377MH8K","0x00000000219ab540356cBB839Cbe05303d7705Fa","@ETbitch","32 ETH","$85,409.32","0.00048825"
"0x464fdcdcee6eac28cdfa0156dfdbe721ad9fa3876c3f3cecde833d52d8ac7205","Success","Deposit","20848365","2024-09-28 09:54:11","0x5a0036bcab4501e70f086c634e2958a8beae3a11","Dhacm.AHZI6VRMNS2Q99EIYBYE23377MH8K","0x00000000219ab540356cBB839Cbe05303d7705Fa","@ETbitch","32 ETH","$85,409.32","0.00047609"
"0x8d4fe759a2ab1386effd6ba0babd51da68294f71478b0d6107dff697e0779c00","Success","Deposit","20848360","2024-09-28 09:53:11","0x5a0036bcab4501e70f086c634e2958a8beae3a11","Dhacm.AHZI6VRMNS2Q99EIYBYE23377MH8K","0x00000000219ab540356cBB839Cbe05303d7705Fa","@ETbitch","32 ETH","$85,409.32","0.00045956"
"0x081cd39c35cd6cb27e6ae67fbd9d51338db0980c1ef0b6c4792a562122bd0f7b","Success","Deposit","20848355","2024-09-28 09:52:11","0x5a0036bcab4501e70f086c634e2958a8beae3a11","Dhacm.AHZI6VRMNS2Q99EIYBYE23377MH8K","0x00000000219ab540356cBB839Cbe05303d7705Fa","@ETbitch","32 ETH","$85,409.32","0.00045956"
"0x4473e61669ef89088b56484ec846dacb0a347d0e1f3bd325b01ae766eaa1575c","Success","Deposit","20848350","2024-09-28 09:51:11","0x5a0036bcab4501e70f086c634e2958a8beae3a11","Dhacm.AHZI6VRMNS2Q99EIYBYE23377MH8K","0x00000000219ab540356cBB839Cbe05303d7705Fa","@ETbitch","32 ETH","$85,409.32","0.00055642"
"0xbb1997a9782fe8ccb3e5f0a1706188ad5fe21b89561c05e88c8e22e49a04b053","Success","Deposit","20848345","2024-09-28 09:50:11","0x5a0036bcab4501e70f086c634e2958a8beae3a11","Dhacm.AHZI6VRMNS2Q99EIYBYE23377MH8K","0x00000000219ab540356cBB839Cbe05303d7705Fa","@ETbitch","32 ETH","$85,409.32","0.00052062"
"0x77daf7d45c0f4654391553caab76791e7cae38392a8d4b6e707903cf39b58946","Success","Deposit","20848340","2024-09-28 09:49:11","0x5a0036bcab4501e70f086c634e2958a8beae3a11","Dhacm.AHZI6VRMNS2Q99EIYBYE23377MH8K","0x00000000219ab540356cBB839Cbe05303d7705Fa","@ETbitch","32 ETH","$85,409.32","0.00059177"
"0xbbcd514b0ffcc627221109b810d20de7294e00ce18467cbcaa919fd9f8f5987c","Success","Deposit","20848335","2024-09-28 09:48:11","0x5a0036bcab4501e70f086c634e2958a8beae3a11","Dhacm.AHZI6VRMNS2Q99EIYBYE23377MH8K","0x00000000219ab540356cBB839Cbe05303d7705Fa","@ETbitch","32 ETH","$85,409.32","0.00051167"
"0xaec36d8f4de2b6bb2c8353f980221f670cab1a7e84a1373208107bcf72a45293","Success","Deposit","20848330","2024-09-28 09:47:11","0x5a0036bcab4501e70f086c634e2958a8beae3a11","Dhacm.AHZI6VRMNS2Q99EIYBYE23377MH8K","0x00000000219ab540356cBB839Cbe05303d7705Fa","@ETbitch","32 ETH","$85,409.32","0.00055642"
"0x3333c82fd0ec5f648d8625bb12da95a275e6c2ba0bf0fe601676fa38f6f2330e","Success","Deposit","20848325","2024-09-28 09:46:11","0x5a0036bcab4501e70f086c634e2958a8beae3a11","Dhacm.AHZI6VRMNS2Q99EIYBYE23377MH8K","0x00000000219ab540356cBB839Cbe05303d7705Fa","@ETbitch","32 ETH","$85,409.32","0.00051824"
"0xa52dbb73b8c2dbd51238d5758d83920dad000d9605d3cf18e3163abbc2c96c27","Success","Deposit","20848320","2024-09-28 09:45:11","0x5a0036bcab4501e70f086c634e2958a8beae3a11","Dhacm.AHZI6VRMNS2Q99EIYBYE23377MH8K","0x00000000219ab540356cBB839Cbe05303d7705Fa","@ETbitch","32 ETH","$85,409.32","0.00066226"
"0x622a8c130be947090c0b2b855005d318bf1dfdaf614c4255a47ff54529f95ba7","Success","Deposit","20848315","2024-09-28 09:44:11","0x5a0036bcab4501e70f086c634e2958a8beae3a11","Dhacm.AHZI6VRMNS2Q99EIYBYE23377MH8K","0x00000000219ab540356cBB839Cbe05303d7705Fa","@ETbitch","32 ETH","$85,409.32","0.0005432"
"0x914f3a2c1d4883f6c65b97261bc1dceb54fdc28e5a00dfa2d17daa21a33596e4","Success","Deposit","20848310","2024-09-28 09:43:11","0x5a0036bcab4501e70f086c634e2958a8beae3a11","Dhacm.AHZI6VRMNS2Q99EIYBYE23377MH8K","0x00000000219ab540356cBB839Cbe05303d7705Fa","@ETbitch","32 ETH","$85,409.32","0.00062597"
"0x9d1acd8e512f68eeac0bd16076103bac5d216fa71c8ad0643a5f43167c2bee1f","Success","Deposit","20848305","2024-09-28 09:42:11","0x5a0036bcab4501e70f086c634e2958a8beae3a11","Dhacm.AHZI6VRMNS2Q99EIYBYE23377MH8K","0x00000000219ab540356cBB839Cbe05303d7705Fa","@ETbitch","32 ETH","$85,409.32","0.00052547"
"0x43fe913a11e53bacccb188f1160edbc94f8a9234c51528020c4afc47cb8cf3e8","Success","Deposit","20848300","2024-09-28 09:41:11","0x5a0036bcab4501e70f086c634e2958a8beae3a11","Dhacm.AHZI6VRMNS2Q99EIYBYE23377MH8K","0x00000000219ab540356cBB839Cbe05303d7705Fa","@ETbitch","32 ETH","$85,409.32","0.00066079"
"0xbc778152ab03a26973c302a802039396a7bcf7f2e67864c2fbe1ddcf2cd27764","Success","Deposit","20848295","2024-09-28 09:40:11","0x5a0036bcab4501e70f086c634e2958a8beae3a11","Dhacm.AHZI6VRMNS2Q99EIYBYE23377MH8K","0x00000000219ab540356cBB839Cbe05303d7705Fa","@ETbitch","32 ETH","$85,409.32","0.00053072"
"0x7434e3d120a2962108dc17b8f2d0963327807084722f31ab52bbce79ae0e8efe","Success","Deposit","20848290","2024-09-28 09:39:11","0x5a0036bcab4501e70f086c634e2958a8beae3a11","Dhacm.AHZI6VRMNS2Q99EIYBYE23377MH8K","0x00000000219ab540356cBB839Cbe05303d7705Fa","@ETbitch","32 ETH","$85,409.32","0.00049459"
"0x636a7ebe91ada1faf04df6f3c55ac94d5fcee663bf17fb16d485052f53b8e784","Success","Deposit","20848285","2024-09-28 09:38:11","0x5a0036bcab4501e70f086c634e2958a8beae3a11","Dhacm.AHZI6VRMNS2Q99EIYBYE23377MH8K","0x00000000219ab540356cBB839Cbe05303d7705Fa","@ETbitch","32 ETH","$85,409.32","0.00068789"
"0x5c7c27d354855018b8e0d11972a06936fbd6bcc4dd4515af0b9b44d716fb22c2","Success","Deposit","20848280","2024-09-28 09:37:11","0x5a0036bcab4501e70f086c634e2958a8beae3a11","Dhacm.AHZI6VRMNS2Q99EIYBYE23377MH8K","0x00000000219ab540356cBB839Cbe05303d7705Fa","@ETbitch","32 ETH","$85,409.32","0.00054701"
"0xb965400efd6e5ba0a1c3fe536773304095a1840b4cc38a429616ab4a565e5d0d","Success","Deposit","20848275","2024-09-28 09:36:11","0x5a0036bcab4501e70f086c634e2958a8beae3a11","Dhacm.AHZI6VRMNS2Q99EIYBYE23377MH8K","0x00000000219ab540356cBB839Cbe05303d7705Fa","@ETbitch","32 ETH","$85,409.32","0.00061053"
"0x256bc1b88d9ab516b2b2b56a0c3f1027d37ff6c49aea86a8958feef5eefd2570","Success","Deposit","20848270","2024-09-28 09:35:11","0x5a0036bcab4501e70f086c634e2958a8beae3a11","Dhacm.AHZI6VRMNS2Q99EIYBYE23377MH8K","0x00000000219ab540356cBB839Cbe05303d7705Fa","@ETbitch","32 ETH","$85,409.32","0.00052547"
"0x8fc6378d737067046d3e1bd8984761c146700bf26adf413caede8a4ade83d179","Success","Deposit","20848265","2024-09-28 09:34:11","0x5a0036bcab4501e70f086c634e2958a8beae3a11","Dhacm.AHZI6VRMNS2Q99EIYBYE23377MH8K","0x00000000219ab540356cBB839Cbe05303d7705Fa","@ETbitch","32 ETH","$85,409.32","0.0006182"
"0x178e95d868eb6773b3b645ec130a8c35e1db7c4f17610766cd1c658aed96cd35","Success","Deposit","20848260","2024-09-28 09:33:11","0x5a0036bcab4501e70f086c634e2958a8beae3a11","Dhacm.AHZI6VRMNS2Q99EIYBYE23377MH8K","0x00000000219ab540356cBB839Cbe05303d7705Fa","@ETbitch","32 ETH","$85,409.32","0.00056488"
"0xa0416c96ebc3e69162897c222ce09e6b30733f7a2d416330a57a9966c722fd4a","Success","Deposit","20848255","2024-09-28 09:32:11","0x5a0036bcab4501e70f086c634e2958a8beae3a11","Dhacm.AHZI6VRMNS2Q99EIYBYE23377MH8K","0x00000000219ab540356cBB839Cbe05303d7705Fa","@ETbitch","32 ETH","$85,409.32","0.00059315"
"0x083e0e5de742a58802bc7eeae3f78f8dac7c2b8f58c09779fa0c01127faf31fa","Success","Deposit","20848250","2024-09-28 09:31:11","0x5a0036bcab4501e70f086c634e2958a8beae3a11","Dhacm.AHZI6VRMNS2Q99EIYBYE23377MH8K","0x00000000219ab540356cBB839Cbe05303d7705Fa","@ETbitch","32 ETH","$85,409.32","0.00053926"